kind,id,top_level,physical_pages,printed_pages,multi_page,likely_vector_only
Table,3-1,3,59,58,False,
Table,4-1,4,73,72,False,
Table,5-1,5,84,83,False,
Table,6-1,6,93,92,False,
Table,6-2,6,93,92,False,
Table,6-3,6,94,93,False,
Table,6-4,6,94,93,False,
Table,6-5,6,98,97,False,
Table,6-6,6,98,97,False,
Table,6-7,6,108,107,False,
Table,6-8,6,110,109,False,
Table,6-9,6,114;115,113;114,True,
Table,6-10,6,122,121,False,
Table,6-11,6,130,129,False,
Table,7-1,7,157;158,156;157,True,
Table,8-1,8,183,182,False,
Table,9-1,9,227,226,False,
Table,9-2,9,233,232,False,
Table,9-3,9,239,238,False,
Table,10-1,10,248,247,False,
Table,11-1,11,272,271,False,
Table,11-2,11,273,272,False,
Table,11-3,11,276,275,False,
Table,11-4,11,277,276,False,
Table,11-5,11,277;278,276;277,True,
Table,11-6,11,278,277,False,
Table,11-7,11,278,277,False,
Table,11-8,11,279,278,False,
Table,11-9,11,280,279,False,
Table,11-10,11,281,280,False,
Table,11-11,11,283,282,False,
Table,11-12,11,283,282,False,
Table,11-13,11,283,282,False,
Table,11-14,11,283,282,False,
Table,11-15,11,284,283,False,
Table,11-16,11,284,283,False,
Table,11-17,11,284,283,False,
Table,11-18,11,285,284,False,
Table,11-19,11,285,284,False,
Table,11-20,11,286,285,False,
Table,11-21,11,300;301,299;300,True,
Table,16-1,16,411,410,False,
Table,16-2,16,421,420,False,
Table,16-3,16,443,442,False,
Table,18-1,18,541,540,False,
Table,18-2,18,541;542,540;541,True,
Table,18-3,18,556,555,False,
Table,18-4,18,557,556,False,
Table,19-1,19,607,606,False,
Table,19-2,19,609,608,False,
Table,19-3,19,609;610,608;609,True,
Table,19-4,19,611,610,False,
Table,19-5,19,611;612,610;611,True,
Table,20-1,20,621,620,False,
Table,20-2,20,624,623,False,
Table,20-3,20,626,625,False,
Table,20-4,20,634,633,False,
Table,20-5,20,639,638,False,
Table,20-6,20,640,639,False,
Table,20-7,20,640,639,False,
Table,20-8,20,644,643,False,
Table,20-9,20,648,647,False,
Table,20-10,20,649,648,False,
Table,20-11,20,649,648,False,
Table,20-12,20,650,649,False,
Table,21-1,21,657,656,False,
Table,21-2,21,659,658,False,
Table,21-3,21,661;662,660;661,True,
Table,21-4,21,662,661,False,
Table,21-5,21,663,662,False,
Table,21-6,21,667,666,False,
Table,21-7,21,672;673,671;672,True,
Table,21-8,21,690,689,False,
Table,21-9,21,690;691,689;690,True,
Table,21-10,21,691,690,False,
Table,21-11,21,703;704,702;703,True,
Table,22-1,22,724,723,False,
Table,22-2,22,725,724,False,
Table,22-3,22,725,724,False,
Table,22-4,22,726,725,False,
Table,22-5,22,726,725,False,
Table,22-6,22,727,726,False,
Table,23-1,23,751,750,False,
Table,26-1,26,815,814,False,
Table,28-1,28,832,831,False,
Table,28-2,28,832,831,False,
Table,28-3,28,837,836,False,
Table,28-4,28,838,837,False,
Table,28-5,28,839,838,False,
Table,28-6,28,840,839,False,
Table,28-7,28,843,842,False,
Table,28-8,28,856,855,False,
Table,28-9,28,857;858,856;857,True,
Table,29-1,29,864;865,863;864,True,
Table,29-2,29,867,866,False,
Table,29-3,29,871,870,False,
Table,30-1,30,877,876,False,
Table,30-2,30,884,883,False,
Table,30-3,30,885,884,False,
Table,31-1,31,899,898,False,
Table,31-2,31,900,899,False,
Table,31-3,31,901,900,False,
Table,31-4,31,903,902,False,
Table,31-5,31,904,903,False,
Table,31-6,31,905,904,False,
Table,31-7,31,907,906,False,
Table,31-8,31,908,907,False,
Table,31-9,31,910,909,False,
Table,31-10,31,912,911,False,
Table,31-11,31,913,912,False,
Table,31-12,31,914,913,False,
Table,31-13,31,916,915,False,
Table,32-1,32,926,925,False,
Table,32-2,32,927,926,False,
Table,32-3,32,929,928,False,
Table,32-4,32,932,931,False,
Table,32-5,32,933,932,False,
Table,32-6,32,934,933,False,
Table,34-1,34,953,952,False,
Table,34-2,34,957,956,False,
Table,34-3,34,959,958,False,
Table,34-4,34,964,963,False,
Table,36-1,36,992,991,False,
Table,36-2,36,993,992,False,
Table,36-3,36,993,992,False,
Table,36-4,36,993,992,False,
Table,36-5,36,993,992,False,
Table,36-6,36,993,992,False,
Table,36-7,36,993,992,False,
Table,36-8,36,994,993,False,
Table,36-9,36,994,993,False,
Table,36-10,36,995,994,False,
Table,37-1,37,1073,1072,False,
Table,38-1,38,1090,1089,False,
Table,38-2,38,1097,1096,False,
Table,38-3,38,1103,1102,False,
Table,38-4,38,1124;1125,1123;1124,True,
Table,38-5,38,1135,1134,False,
Table,38-6,38,1137;1138,1136;1137,True,
Table,40-1,40,1159,1158,False,
Table,40-2,40,1160,1159,False,
Table,40-3,40,1168,1167,False,
Table,B.1,B,1220;1221,1219;1220,True,
Table,D.1,D,1227,1226,False,
Table,H.1,H,1265;1266,1264;1265,True,
Table,N.1,N,1338,1337,False,
Figure,4-1,4,68,67,False,True
Figure,6-1,6,95,94,False,True
Figure,6-2,6,96,95,False,True
Figure,6-3,6,97,96,False,True
Figure,7-1,7,151,150,False,True
Figure,7-2,7,153,152,False,True
Figure,7-3,7,153,152,False,True
Figure,9-1,9,240,239,False,True
Figure,14-1,14,358,357,False,True
Figure,16-1,16,396,395,False,True
Figure,16-2,16,402,401,False,True
Figure,16-3,16,417,416,False,True
Figure,16-4,16,421,420,False,True
Figure,16-5,16,423,422,False,True
Figure,16-6,16,424,423,False,True
Figure,16-7,16,424,423,False,True
Figure,16-8,16,425,424,False,True
Figure,16-9,16,426,425,False,True
Figure,16-10,16,427,426,False,True
Figure,16-11,16,428,427,False,True
Figure,16-12,16,430,429,False,True
Figure,16-13,16,431,430,False,True
Figure,16-14,16,447,446,False,True
Figure,16-15,16,448,447,False,True
Figure,16-16,16,449,448,False,True
Figure,16-17,16,503,502,False,True
Figure,17-1,17,515,514,False,False
Figure,18-1,18,529,528,False,True
Figure,18-2,18,540,539,False,True
Figure,18-3,18,546,545,False,True
Figure,21-1,21,684,683,False,True
Figure,21-2,21,694,693,False,True
Figure,23-1,23,756,755,False,True
Figure,23-2,23,763,762,False,True
Figure,28-1,28,836,835,False,True
Figure,28-2,28,844,843,False,True
Figure,28-3,28,845,844,False,True
Figure,28-4,28,845,844,False,True
Figure,28-5,28,845,844,False,True
Figure,28-6,28,846,845,False,True
Figure,28-7,28,846,845,False,True
Figure,28-8,28,846,845,False,True
Figure,28-9,28,847,846,False,True
Figure,28-10,28,847,846,False,True
Figure,28-11,28,847,846,False,True
Figure,28-12,28,848,847,False,True
Figure,28-13,28,848,847,False,True
Figure,28-14,28,848,847,False,True
Figure,28-15,28,849,848,False,True
Figure,28-16,28,849,848,False,True
Figure,28-17,28,849,848,False,True
Figure,28-18,28,850,849,False,True
Figure,28-19,28,850,849,False,True
Figure,28-20,28,851,850,False,True
Figure,28-21,28,852,851,False,True
Figure,28-22,28,853,852,False,True
Figure,28-23,28,853,852,False,True
Figure,28-24,28,854,853,False,True
Figure,28-25,28,855,854,False,True
Figure,28-26,28,860,859,False,True
Figure,29-1,29,869,868,False,True
Figure,30-1,30,874,873,False,True
Figure,30-2,30,880,879,False,True
Figure,30-3,30,887,886,False,True
Figure,30-4,30,887,886,False,True
Figure,30-5,30,888,887,False,True
Figure,30-6,30,890,889,False,True
Figure,30-7,30,892,891,False,True
Figure,30-8,30,893,892,False,True
Figure,30-9,30,894,893,False,True
Figure,31-1,31,908,907,False,True
Figure,31-2,31,909,908,False,True
Figure,31-3,31,911,910,False,True
Figure,31-4,31,920,919,False,True
Figure,31-5,31,921,920,False,True
Figure,31-6,31,924,923,False,True
Figure,37-1,37,1001,1000,False,True
Figure,37-2,37,1002,1001,False,True
Figure,38-1,38,1090,1089,False,True
Figure,38-2,38,1095,1094,False,True
Figure,38-3,38,1096,1095,False,True
Figure,38-4,38,1096,1095,False,True
Figure,38-5,38,1099,1098,False,True
Figure,38-6,38,1100,1099,False,True
Figure,38-7,38,1102,1101,False,True
Figure,38-8,38,1102,1101,False,True
Figure,38-9,38,1102,1101,False,True
Figure,38-10,38,1111,1110,False,True
Figure,38-11,38,1124,1123,False,True
Figure,38-12,38,1124,1123,False,True
Figure,38-13,38,1128,1127,False,True
Figure,38-14,38,1128,1127,False,True
Figure,38-15,38,1129,1128,False,True
Figure,38-16,38,1129,1128,False,True
Figure,38-17,38,1133,1132,False,True
Figure,38-18,38,1142,1141,False,True
Figure,39-1,39,1153,1152,False,True
Figure,40-1,40,1161,1160,False,True
Figure,40-2,40,1166,1165,False,True
Figure,J.1,J,1304,1303,False,True
Figure,J.2,J,1305,1304,False,True
Figure,J.3,J,1306,1305,False,True
Figure,J.4,J,1306,1305,False,True
Syntax,5-1,5,76,75,False,
Syntax,5-2,5,77,76,False,
Syntax,5-3,5,81,80,False,
Syntax,5-4,5,86,85,False,
Syntax,6-1,6,98,97,False,
Syntax,6-2,6,103,102,False,
Syntax,6-3,6,107,106,False,
Syntax,6-4,6,118,117,False,
Syntax,6-5,6,120,119,False,
Syntax,6-6,6,126,125,False,
Syntax,6-7,6,140,139,False,
Syntax,7-1,7,147,146,False,
Syntax,7-2,7,150,149,False,
Syntax,7-3,7,159,158,False,
Syntax,7-4,7,170,169,False,
Syntax,7-5,7,174,173,False,
Syntax,8-1,8,182,181,False,
Syntax,8-2,8,186,185,False,
Syntax,8-3,8,209,208,False,
Syntax,9-1,9,221,220,False,
Syntax,9-2,9,226,225,False,
Syntax,9-3,9,227,226,False,
Syntax,9-4,9,232,231,False,
Syntax,9-5,9,237,236,False,
Syntax,9-6,9,238,237,False,
Syntax,9-7,9,241,240,False,
Syntax,10-1,10,249,248,False,
Syntax,10-2,10,253,252,False,
Syntax,10-3,10,254,253,False,
Syntax,10-4,10,257,256,False,
Syntax,10-5,10,262,261,False,
Syntax,10-6,10,268,267,False,
Syntax,11-1,11,272,271,False,
Syntax,11-2,11,286,285,False,
Syntax,11-3,11,290,289,False,
Syntax,11-4,11,291,290,False,
Syntax,11-5,11,294,293,False,
Syntax,11-6,11,304,303,False,
Syntax,11-7,11,308,307,False,
Syntax,11-8,11,309,308,False,
Syntax,12-1,12,316,315,False,
Syntax,12-2,12,316,315,False,
Syntax,12-3,12,321,320,False,
Syntax,12-4,12,326,325,False,
Syntax,12-5,12,330,329,False,
Syntax,12-6,12,335,334,False,
Syntax,13-1,13,337,336,False,
Syntax,13-2,13,342,341,False,
Syntax,13-3,13,348,347,False,
Syntax,14-1,14,356,355,False,
Syntax,14-2,14,362,361,False,
Syntax,14-3,14,363,362,False,
Syntax,14-4,14,365,364,False,
Syntax,14-5,14,369,368,False,
Syntax,15-1,15,379,378,False,
Syntax,15-2,15,381,380,False,
Syntax,16-1,16,385,384,False,
Syntax,16-2,16,387,386,False,
Syntax,16-3,16,400,399,False,
Syntax,16-4,16,401,400,False,
Syntax,16-5,16,403,402,False,
Syntax,16-6,16,411,410,False,
Syntax,16-7,16,422,421,False,
Syntax,16-8,16,425,424,False,
Syntax,16-9,16,426,425,False,
Syntax,16-10,16,428,427,False,
Syntax,16-11,16,430,429,False,
Syntax,16-12,16,431,430,False,
Syntax,16-13,16,434,433,False,
Syntax,16-14,16,434,433,False,
Syntax,16-15,16,439,438,False,
Syntax,16-16,16,442,441,False,
Syntax,16-17,16,459,458,False,
Syntax,16-18,16,477,476,False,
Syntax,16-19,16,494,493,False,
Syntax,16-20,16,501,500,False,
Syntax,17-1,17,505,504,False,
Syntax,17-2,17,508,507,False,
Syntax,18-1,18,526,525,False,
Syntax,18-2,18,530,529,False,
Syntax,18-3,18,533,532,False,
Syntax,18-4,18,535,534,False,
Syntax,18-5,18,536,535,False,
Syntax,18-6,18,537,536,False,
Syntax,18-7,18,538,537,False,
Syntax,18-8,18,542,541,False,
Syntax,18-9,18,543,542,False,
Syntax,18-10,18,553,552,False,
Syntax,18-11,18,559,558,False,
Syntax,18-12,18,565,564,False,
Syntax,18-13,18,567,566,False,
Syntax,18-14,18,568,567,False,
Syntax,18-15,18,569,568,False,
Syntax,18-16,18,569,568,False,
Syntax,18-17,18,570,569,False,
Syntax,18-18,18,570,569,False,
Syntax,18-19,18,572,571,False,
Syntax,19-1,19,578,577,False,
Syntax,19-2,19,583,582,False,
Syntax,19-3,19,592,591,False,
Syntax,19-4,19,599,598,False,
Syntax,20-1,20,621,620,False,
Syntax,20-2,20,621,620,False,
Syntax,20-3,20,623,622,False,
Syntax,20-4,20,625,624,False,
Syntax,20-5,20,626,625,False,
Syntax,20-6,20,629,628,False,
Syntax,20-7,20,630,629,False,
Syntax,20-8,20,631,630,False,
Syntax,20-9,20,631,630,False,
Syntax,20-10,20,635,634,False,
Syntax,20-11,20,636,635,False,
Syntax,20-12,20,638,637,False,
Syntax,20-13,20,645,644,False,
Syntax,20-14,20,646,645,False,
Syntax,20-15,20,647,646,False,
Syntax,20-16,20,650,649,False,
Syntax,20-17,20,653,652,False,
Syntax,20-18,20,654,653,False,
Syntax,21-1,21,656,655,False,
Syntax,21-2,21,664,663,False,
Syntax,21-3,21,666,665,False,
Syntax,21-4,21,667,666,False,
Syntax,21-5,21,668,667,False,
Syntax,21-6,21,669,668,False,
Syntax,21-7,21,670,669,False,
Syntax,21-8,21,675,674,False,
Syntax,21-9,21,676,675,False,
Syntax,21-10,21,676,675,False,
Syntax,21-11,21,676,675,False,
Syntax,21-12,21,677,676,False,
Syntax,21-13,21,680,679,False,
Syntax,21-14,21,685,684,False,
Syntax,21-15,21,685,684,False,
Syntax,21-16,21,686,685,False,
Syntax,21-17,21,687,686,False,
Syntax,21-18,21,687,686,False,
Syntax,21-19,21,687,686,False,
Syntax,21-20,21,689,688,False,
Syntax,21-21,21,695,694,False,
Syntax,21-22,21,695,694,False,
Syntax,21-23,21,696,695,False,
Syntax,21-24,21,696,695,False,
Syntax,21-25,21,697,696,False,
Syntax,21-26,21,697,696,False,
Syntax,21-27,21,699,698,False,
Syntax,21-28,21,699,698,False,
Syntax,21-29,21,701,700,False,
Syntax,22-1,22,706,705,False,
Syntax,22-2,22,707,706,False,
Syntax,22-3,22,709,708,False,
Syntax,22-4,22,713,712,False,
Syntax,22-5,22,714,713,False,
Syntax,22-6,22,717,716,False,
Syntax,22-7,22,719,718,False,
Syntax,22-8,22,720,719,False,
Syntax,22-9,22,721,720,False,
Syntax,22-10,22,722,721,False,
Syntax,23-1,23,730,729,False,
Syntax,23-2,23,731,730,False,
Syntax,23-3,23,732,731,False,
Syntax,23-4,23,735,734,False,
Syntax,23-5,23,741,740,False,
Syntax,23-6,23,742,741,False,
Syntax,23-7,23,755,754,False,
Syntax,23-8,23,760,759,False,
Syntax,23-9,23,772,771,False,
Syntax,24-1,24,776,775,False,
Syntax,25-1,25,783,782,False,
Syntax,25-2,25,792,791,False,
Syntax,25-3,25,802,801,False,
Syntax,26-1,26,809,808,False,
Syntax,26-2,26,810,809,False,
Syntax,26-3,26,814,813,False,
Syntax,26-4,26,816,815,False,
Syntax,26-5,26,818,817,False,
Syntax,27-1,27,821,820,False,
Syntax,28-1,28,831,830,False,
Syntax,29-1,29,862,861,False,
Syntax,29-2,29,869,868,False,
Syntax,30-1,30,872,871,False,
Syntax,30-2,30,873,872,False,
Syntax,30-3,30,874,873,False,
Syntax,30-4,30,875,874,False,
Syntax,30-5,30,876,875,False,
Syntax,30-6,30,883,882,False,
Syntax,30-7,30,888,887,False,
Syntax,30-8,30,890,889,False,
Syntax,30-9,30,891,890,False,
Syntax,31-1,31,897,896,False,
Syntax,31-2,31,898,897,False,
Syntax,31-3,31,899,898,False,
Syntax,31-4,31,900,899,False,
Syntax,31-5,31,901,900,False,
Syntax,31-6,31,903,902,False,
Syntax,31-7,31,903,902,False,
Syntax,31-8,31,904,903,False,
Syntax,31-9,31,906,905,False,
Syntax,31-10,31,907,906,False,
Syntax,31-11,31,910,909,False,
Syntax,31-12,31,912,911,False,
Syntax,31-13,31,913,912,False,
Syntax,31-14,31,914,913,False,
Syntax,31-15,31,915,914,False,
Syntax,31-16,31,918,917,False,
Syntax,32-1,32,933,932,False,
Syntax,33-1,33,936,935,False,
Syntax,33-2,33,937,936,False,
Syntax,33-3,33,938,937,False,
Syntax,33-4,33,939,938,False,
Syntax,35-1,35,978,977,False,
Syntax,35-2,35,983,982,False,
